-- phpMyAdmin SQL Dump
-- version 5.1.1
-- https://www.phpmyadmin.net/
--
-- Host: 127.0.0.1
-- Generation Time: Feb 15, 2022 at 11:38 PM
-- Server version: 10.4.22-MariaDB
-- PHP Version: 8.0.15

SET SQL_MODE = "NO_AUTO_VALUE_ON_ZERO";
START TRANSACTION;
SET time_zone = "+00:00";


/*!40101 SET @OLD_CHARACTER_SET_CLIENT=@@CHARACTER_SET_CLIENT */;
/*!40101 SET @OLD_CHARACTER_SET_RESULTS=@@CHARACTER_SET_RESULTS */;
/*!40101 SET @OLD_COLLATION_CONNECTION=@@COLLATION_CONNECTION */;
/*!40101 SET NAMES utf8mb4 */;

--
-- Database: `nodejs_api`
--

-- --------------------------------------------------------

--
-- Table structure for table `books`
--

CREATE TABLE `books` (
  `id` int(11) NOT NULL,
  `name` varchar(100) NOT NULL,
  `author` varchar(100) NOT NULL,
  `created_on` timestamp NOT NULL DEFAULT current_timestamp(),
  `updated_on` timestamp NOT NULL DEFAULT current_timestamp() ON UPDATE current_timestamp()
) ENGINE=InnoDB DEFAULT CHARSET=utf8;

--
-- Dumping data for table `books`
--

INSERT INTO `books` (`id`, `name`, `author`, `created_on`, `updated_on`) VALUES
(1, 'How to survive in SUT', 'Cutto', '2021-12-25 18:09:47', '2021-12-25 18:09:47'),
(24, '', 'JavaScript', '2022-01-22 11:38:54', '2022-01-22 11:38:54');

-- --------------------------------------------------------

--
-- Table structure for table `employee`
--

CREATE TABLE `employee` (
  `ID` int(11) NOT NULL,
  `Firstname` varchar(50) COLLATE utf8_unicode_ci NOT NULL,
  `Lastname` varchar(50) COLLATE utf8_unicode_ci NOT NULL,
  `Employee_ID` varchar(50) COLLATE utf8_unicode_ci NOT NULL,
  `Username` varchar(50) COLLATE utf8_unicode_ci NOT NULL,
  `Password` varchar(256) COLLATE utf8_unicode_ci NOT NULL,
  `Role` varchar(50) COLLATE utf8_unicode_ci NOT NULL,
  `Phone` varchar(50) COLLATE utf8_unicode_ci NOT NULL,
  `Email` varchar(100) COLLATE utf8_unicode_ci NOT NULL
) ENGINE=InnoDB DEFAULT CHARSET=utf8 COLLATE=utf8_unicode_ci;

--
-- Dumping data for table `employee`
--

INSERT INTO `employee` (`ID`, `Firstname`, `Lastname`, `Employee_ID`, `Username`, `Password`, `Role`, `Phone`, `Email`) VALUES
(1, 'เทพนิมิตร', 'ทิพย์พิน', 'B6122997', 'Thepnimit', '81dc9bdb52d04dc20036dbd8313ed055', 'admin', '0123456789', ''),
(21, 'test_firstname', 'test_lastname', 'charlot-112', 'test_1', '$2b$10$/BMFrHZ8LDsyGtmI6KgioeAMiDxndll3Regnh6b8pwpoRR0g8MFaC', 'admin', '000-0000000000', 'a@a.com'),
(22, 'plankton', 'kkk', 'test_1', 'TestEmplank', '$2b$10$l5Aad.q8c/OEyjqo1l.u.eXeeOfFRuD.vsbdVjq.2pE.LomNwPIUe', 'employee', '1112223330', 'p@p.com');

-- --------------------------------------------------------

--
-- Table structure for table `fee`
--

CREATE TABLE `fee` (
  `ID` int(11) NOT NULL,
  `fee` float NOT NULL,
  `Create_Date` varchar(45) NOT NULL,
  `Create_By` varchar(45) NOT NULL,
  `Update_Date` varchar(45) NOT NULL,
  `Update_By` varchar(45) NOT NULL
) ENGINE=InnoDB DEFAULT CHARSET=utf8mb4;

--
-- Dumping data for table `fee`
--

INSERT INTO `fee` (`ID`, `fee`, `Create_Date`, `Create_By`, `Update_Date`, `Update_By`) VALUES
(1, 12, '1644671952', 'dev', '', ''),
(2, 14, '1644757163', 'test_2', '1644757163', 'test_2');

-- --------------------------------------------------------

--
-- Table structure for table `members`
--

CREATE TABLE `members` (
  `ID` int(11) NOT NULL,
  `Username` varchar(50) COLLATE utf8_unicode_ci NOT NULL,
  `Password` varchar(256) COLLATE utf8_unicode_ci NOT NULL,
  `Firstname` varchar(50) COLLATE utf8_unicode_ci NOT NULL,
  `Lastname` varchar(50) COLLATE utf8_unicode_ci NOT NULL,
  `Role` varchar(50) COLLATE utf8_unicode_ci NOT NULL,
  `No_members` varchar(50) COLLATE utf8_unicode_ci NOT NULL,
  `Bank` varchar(50) COLLATE utf8_unicode_ci NOT NULL,
  `Acc_number` varchar(50) COLLATE utf8_unicode_ci NOT NULL,
  `Phone_number` varchar(50) COLLATE utf8_unicode_ci NOT NULL,
  `Phone_number2` varchar(50) COLLATE utf8_unicode_ci NOT NULL,
  `Email` varchar(100) COLLATE utf8_unicode_ci NOT NULL,
  `Remark` varchar(250) COLLATE utf8_unicode_ci NOT NULL
) ENGINE=InnoDB DEFAULT CHARSET=utf8 COLLATE=utf8_unicode_ci;

--
-- Dumping data for table `members`
--

INSERT INTO `members` (`ID`, `Username`, `Password`, `Firstname`, `Lastname`, `Role`, `No_members`, `Bank`, `Acc_number`, `Phone_number`, `Phone_number2`, `Email`, `Remark`) VALUES
(1, 'SUT-RecycleBank', '81dc9bdb52d04dc20036dbd8313ed055', 'ธนาคารวัสดุรีไซเคิล มทส.', '-', 'เจ้าหน้าที่', '1', '-', '-', '-', '-', '//สำหรับบันทึกรายการธุรกรรมของธนาคาร', '//สำหรับบันทึกรายการธุรกรรมของธนาคาร'),
(3, '', '81dc9bdb52d04dc20036dbd8313ed055', 'นางเจียรพรรณ', 'ศรีตะชัย', 'หอพักนักศึกษา', '1', 'ไทยพาณิชย์', '707-211346-7', '', '', '', ''),
(4, '', '81dc9bdb52d04dc20036dbd8313ed055', 'นางรวิสรา', 'ธรรมกุล ', 'หอพักนักศึกษา', '2', 'ไทยพาณิชย์', '707-250116-5', '', '', '', ''),
(5, '', '81dc9bdb52d04dc20036dbd8313ed055', 'นางปาริชาติ', 'ศิริธรปัญญา', 'หอพักนักศึกษา', '3', 'ไทยพาณิชย์', '707-2114023', '', '', '', ''),
(6, '', '81dc9bdb52d04dc20036dbd8313ed055', 'นางปิยะภัทร', 'จันทะกล', 'หอพักนักศึกษา', '4', 'ไทยพาณิชย์', '707-262126-6', '', '086-8660440', '', ''),
(7, '', '81dc9bdb52d04dc20036dbd8313ed055', 'นางสาวสุธิสา', 'ผดุงสันต์', 'หอพักนักศึกษา', '5', 'ไทยพาณิชย์', '707-204484-6', '081-7601561', '', '', ''),
(8, '', '81dc9bdb52d04dc20036dbd8313ed055', 'นางสาวจิตพิสุทธิ์', 'ฉิมใหม่', 'หอพักนักศึกษา', '6', 'ไทยพาณิชย์', '707-200212-9', '', '', '', 'ประมวล ชาญสูงเนิน'),
(9, '', '81dc9bdb52d04dc20036dbd8313ed055', 'นายกฤตธัช', 'อันชื่น', 'หอพักนักศึกษา', '7', 'ไทยพาณิชย์', '707-203651-8', '', '5179', '', ''),
(10, '', '81dc9bdb52d04dc20036dbd8313ed055', 'นายชุมพล', 'เฉียดกลาง', 'หอพักนักศึกษา', '8', 'ไทยพาณิชย์', '707-2056437', '081-0639570', '5125', '', ''),
(11, '', '81dc9bdb52d04dc20036dbd8313ed055', 'นายพงษ์ศักดิ์', 'ยะปะภา', 'หอพักนักศึกษา', '9', 'ไทยพาณิชย์', '707-206746-2', '', '', '', ''),
(12, '', '81dc9bdb52d04dc20036dbd8313ed055', 'นายบุญเสริม', 'เสมอกลาง', 'หอพักนักศึกษา', '10', 'กรุงไทย', '980-459404-8', '089-5827641', '5125-6', '', ''),
(13, '', '81dc9bdb52d04dc20036dbd8313ed055', 'นายสืบศักดิ์', 'มีพวงพินธ์', 'หอพักนักศึกษา', '11', 'ไทยพาณิชย์', '707-205645-3', '', '091-8302570', '', ''),
(14, '', '81dc9bdb52d04dc20036dbd8313ed055', 'นายอเนก', 'ทองไท', 'หอพักนักศึกษา', '12', 'ไทยพาณิชย์', '707-205642-9', '', '', '', ''),
(15, '', '81dc9bdb52d04dc20036dbd8313ed055', 'นายเสน่ห์', 'ประชากลาง', 'หอพักนักศึกษา', '13', 'ไทยพาณิชย์', '707-272534-5', '080-1660965', '086-0066238', '', 'แมว/ สำรงค์/ 084-4703805'),
(16, '', '81dc9bdb52d04dc20036dbd8313ed055', 'นางจารุวรรณ', 'คงมั่น', 'หอพักนักศึกษา', '14', 'ไทยพาณิชย์', '707-206747-0', '084-0502514', '5156 - 5177', '', '13(ล่าง)ศรีนวล เต็งผักแว่น 061-6568140'),
(17, '', '81dc9bdb52d04dc20036dbd8313ed055', 'นางรวิวรรณ', 'กลับมาอนุรักษ์', 'หอพักนักศึกษา', '15', 'ไทยพาณิชย์', '707-203688-5', '086-5844099 แดง', '5176', '', 'ส่งใบเสร็จไปที่ อรุณี แป้นนอก(ปุ้ย)'),
(18, '', '81dc9bdb52d04dc20036dbd8313ed055', 'นางกัญจน์ณิช', 'เกตุตะขบ', 'หอพักนักศึกษา', '16', 'ไทยพาณิชย์', '707-202515-1', '', '5178', '', 'K.ตุ๋ง สกน. 084-4113636'),
(19, '', '81dc9bdb52d04dc20036dbd8313ed055', '', '', 'หอพักนักศึกษา', '17', 'ไทยพาณิชย์', '707-260945-0', 'เดี่ยว 044-224837', '080-7286547/พิษณุ ญาตโสม', '', 'หอพักนศ.แพทย์/ส่งบิล:เทคโนธานี'),
(20, '', '81dc9bdb52d04dc20036dbd8313ed055', 'แม่บ้านสุจันทรา', 'ศรีกมล', 'หอพักนักศึกษา', '18', 'ไทยพาณิชย์', '', '', '085-6346634', '', 'แม่บ้านสุจันทรา ศรีกมล (ปี)'),
(21, '', '81dc9bdb52d04dc20036dbd8313ed055', 'นางจารุวรรณ', 'คงมั่น', 'หอพักนักศึกษา', '19', 'ไทยพาณิชย์', '707-206747-0', '', '5156 - 5177', '', ''),
(22, '', '81dc9bdb52d04dc20036dbd8313ed055', 'บัญชีมหาวิทยาลัย/สโตร์ สอส.', '', 'อาคารทำการ', '1', 'ไทยพาณิชย์', '707-214444-2', '', '', '', 'มหาวิทยาลัยเทคโนโลยีสุรนารี'),
(23, '', '81dc9bdb52d04dc20036dbd8313ed055', 'ส่วนอาคารสถานที่', '', 'อาคารทำการ', '2', 'ไทยพาณิชย์', '707-278870-9', '', '', '', 'สอส. บ/ช อมราภรณ์ เอกรุณ'),
(24, '', '81dc9bdb52d04dc20036dbd8313ed055', 'หน่วยสิ่งแวดล้อม', '', 'อาคารทำการ', '3', 'ไทยพาณิชย์', '707-203015-6', '', '081-976-1204', '', 'บุณฑิพา'),
(25, '', '81dc9bdb52d04dc20036dbd8313ed055', 'F2 ศูนย์เครื่องมือฯ', '', 'อาคารทำการ', '4', 'ไทยพาณิชย์', '707-214444-2', '', '', '', 'มหาวิทยาลัยเทคโนโลยีสุรนารี'),
(26, '', '81dc9bdb52d04dc20036dbd8313ed055', 'สำนักงานคณบดีวิศวกรรมศาสตร์', '', 'อาคารทำการ', '5', 'ไทยพาณิชย์', '707-220786-8', '', '', '', 'สววศ.'),
(32, '', '81dc9bdb52d04dc20036dbd8313ed055', 'ส่วนสารบรรณและนิติการ', '', 'อาคารทำการ', '6', '', '', '', '', '', 'สสน.'),
(33, '', '81dc9bdb52d04dc20036dbd8313ed055', 'รัตติกาญจน์ ข่ายกระโทก/กนกวรรณ ลำพึง', '', 'บุคลากร', '1', 'ไทยพาณิชย์', '707-280338-9', '', '085-495-2972', '', 'ห้องไตเทียม'),
(34, '', '81dc9bdb52d04dc20036dbd8313ed055', 'นายสรณะ', 'ศรีตะชัย', 'บุคลากร', '2', 'ไทยพาณิชย์', '707-201769-5', '', '081-5474573', '', 'หัวหน้างานบริการและพัฒนาหอพัก'),
(35, '', '81dc9bdb52d04dc20036dbd8313ed055', 'นางปราณี', 'กฐินใหม่', 'บุคลากร', '3', '', '', '', '', '', 'สาขาวิชาวิศวคอมฯ'),
(36, '', '81dc9bdb52d04dc20036dbd8313ed055', 'นางสาวกรรณิกา', 'ประเสริฐสังข์', 'บุคลากร', '4', 'ไทยพาณิชย์', '707-231421-7', '', '', '', 'สาขาวิชาวิศวเกษตร'),
(37, '', '81dc9bdb52d04dc20036dbd8313ed055', 'นางบุณฑิพา', 'ทาบสีแพร', 'บุคลากร', '5', 'ไทยพาณิชย์', '707-203015-6', '', '081-9761204', '', 'สวล./สอส.'),
(38, '', '81dc9bdb52d04dc20036dbd8313ed055', 'นางภัทรานิษฐ์', 'ปริญญากุลเสฏฐ์', 'บุคลากร', '6', 'ไทยพาณิชย์', '707-208806-0', '', '', '', 'สวล./สอส.'),
(39, '', '81dc9bdb52d04dc20036dbd8313ed055', 'นายโสภณ', 'สุทธิรักษ์', 'บุคลากร', '7', '', '', 'สวล./สอส.', '', '', ''),
(40, '', '81dc9bdb52d04dc20036dbd8313ed055', 'นางแสงดาว', 'เลียบกระโทก', 'บุคลากร', '8', '', '', 'บุคลากร', 'ศูนย์คอมพิวเตอร์', '', '111/166 ซ.1'),
(41, '', '81dc9bdb52d04dc20036dbd8313ed055', 'นางสาวพุทธชาติ', 'เรืองศิริ', 'บุคลากร', '9', 'กรุงไทย', '098-280253-0', '', '088-1143065', '', 'เจ้าหน้าที่ ศบส.'),
(42, '', '81dc9bdb52d04dc20036dbd8313ed055', 'นายธนพงศ์พันธ์', 'ทัพสุวรรณ', 'บุคลากร', '10', 'ไทยพาณิชย์', '707-265723-3', '095-6395292', 'พร้อมเพย์', '', '081-8466263'),
(43, '', '81dc9bdb52d04dc20036dbd8313ed055', 'นายมารวย', 'เจริญลาภ', 'บุคลากร', '11', 'ไทยพาณิชย์', '414-093233-1', '', '', '', 'รร.สุรวิวัฒน์'),
(44, '', '81dc9bdb52d04dc20036dbd8313ed055', 'นางธนัชวลัญชน์', 'ผันจะโปะ', 'บุคลากร', '12', 'ไทยพาณิชย์', '707-203053-8', '094-2909344', '', '', 'สำนักวิชาวิศวกรรมศาสตร์'),
(45, '', '81dc9bdb52d04dc20036dbd8313ed055', 'อ.นลิน', 'สิทธิธูรณ์', 'บุคลากร', '13', 'ไทยพาณิชย์', '707-212945-0', '', '', '', 'สาขาอนามัยสิ่งแวดล้อม'),
(46, '', '81dc9bdb52d04dc20036dbd8313ed055', 'อ.พนิดา', 'ขันแก้วหล้า', 'บุคลากร', '14', 'ไทยพาณิชย์', '707-268970-1', '', '', '', 'สำนักวิชาวิศวกรรมศาสตร์'),
(47, '', '81dc9bdb52d04dc20036dbd8313ed055', 'นายบวรนันท์', 'บัวสาย', 'บุคลากร', '15', '', '', '044-223078', '', '', 'โครงการแยกขวดช่วยหมอ/ศบส.'),
(48, '', '81dc9bdb52d04dc20036dbd8313ed055', 'อ.นเรศ', 'เชื้อสุวรรณ', 'บุคลากร', '16', 'ไทยพาณิชย์', '707-217299-0', '087-6522765', '', '', 'สาขาวิชาอนามัยสิ่งแวดล้อม'),
(49, '', '81dc9bdb52d04dc20036dbd8313ed055', 'นายพงษ์นครินทร์', 'เทนอิสสระ', 'บุคลากร', '17', 'ไทยพาณิชย์', '707-200147-4', '', '', '', 'หน่วย สวล.'),
(50, '', '81dc9bdb52d04dc20036dbd8313ed055', 'นายเบญจะ', 'กลิ่นจันทร์แดง', 'บุคลากร', '18', 'กรุงไทย', '980-4623900', '4128', '', '', 'สอส./งานออกแบบ'),
(51, '', '81dc9bdb52d04dc20036dbd8313ed055', 'นางสาวกรวรรณ', 'รัตนไชย', 'บุคลากร', '19', 'ไทยพาณิชย์', '707-200361-2', '', '', '', 'ศูนย์เครื่องมือวิทยาศาสตร์ฯ'),
(52, '', '81dc9bdb52d04dc20036dbd8313ed055', 'นายณพลพัทธ์', 'พุฒิกุลเศรษฐ์', 'บุคลากร', '20', 'กรุงไทย', '980-7000327', '065-463-6979', '', '', 'จนท.สกน.'),
(53, '', '81dc9bdb52d04dc20036dbd8313ed055', 'นางรุ่งนารี', 'ชิดโคกกรวด', 'บุคลากร', '21', '', '', '081-071-0609', '', '', ''),
(54, '', '81dc9bdb52d04dc20036dbd8313ed055', 'นายธัชชัย', 'พลเสน', 'บุคลากร', '22', 'ไทยพาณิชย์', '707-236703-2', '', '', '', 'นิติการ สสน.'),
(55, '', '81dc9bdb52d04dc20036dbd8313ed055', 'อ.ทัศนีย์', 'เสาวนะ', 'บุคลากร', '23', 'ไทยพาณิชย์', '707-201704-3', '', '089-4549459', '', 'สวว.'),
(56, '', '81dc9bdb52d04dc20036dbd8313ed055', 'นางนงนภัทร', 'โฆษวิฑิตกุล', 'บุคลากร', '24', 'ไทยพาณิชย์', '707-202845-0', '', '', '', 'ศูนย์เครื่องมือวิทยาศาสตร์ฯ'),
(57, '', '81dc9bdb52d04dc20036dbd8313ed055', 'นางสุมาลี', 'วงศ์สมบูรณ์', 'บุคลากร', '25', 'ไทยพาณิชย์', '707-221117-6', '', '', '', 'สอส.'),
(58, '', '81dc9bdb52d04dc20036dbd8313ed055', 'นางสาวฐิติกา', 'จันทร์หล้า(นก)', 'บุคลากร', '26', 'กรุงไทย', '980-536109-8', '', '', '', 'สสว./ส่วนส่งเสริมวิชาการ'),
(59, '', '81dc9bdb52d04dc20036dbd8313ed055', 'นายอัครชัย', 'สงหมื่นไวย', 'บุคลากร', '27', 'ไทยพาณิชย์', '707-201836-6', '086-2435294', '', '', 'เจ้าหน้าที่ สอส.'),
(60, '', '81dc9bdb52d04dc20036dbd8313ed055', 'อ.รัชฎาพร', 'วิสุทธากร', 'บุคลากร', '28', 'ไทยพาณิชย์', '707-204932-5', '', '', '', 'สาขาการจัดการ'),
(61, '', '81dc9bdb52d04dc20036dbd8313ed055', 'รัชนีกร', 'บุญเลิศ', 'บุคลากร', '29', 'ไทยพาณิชย์', '707-246658-5', '', '', '', ''),
(62, '', '81dc9bdb52d04dc20036dbd8313ed055', 'นางกาญจนา', 'พรหมสอน', 'บุคลากร', '30', 'ไทยพาณิชย์', '707-200411-3', '089-8654019', '', '', 'สำนักวิชาสาธารณสุขศาสตร์'),
(63, '', '81dc9bdb52d04dc20036dbd8313ed055', 'นายจตุรวัฒน์', 'ศรีเรืองรัตนกุล', 'บุคลากร', '31', 'ไทยพาณิชย์', '707-206749-6', '085-0166691', '', '', 'ส่วนกิจการนักศึกษา'),
(64, '', '81dc9bdb52d04dc20036dbd8313ed055', 'นางสาวปรีชญา', 'รัตนานุสรณ์', 'บุคลากร', '32', 'ไทยพาณิชย์', '707-244924-0', '087-2598812', '', '', 'สวล./สอส.'),
(65, '', '81dc9bdb52d04dc20036dbd8313ed055', 'นางปราณี', 'กฐินใหม่', 'บุคลากร', '33', 'ไทยพาณิชย์', '707-208108-4', '', '', '', 'สำนักวิชาวิศวกรรมศาสตร์'),
(66, '', '81dc9bdb52d04dc20036dbd8313ed055', 'นางไพลิน ศรีอภัย', 'ศรีอภัย', 'บุคลากร', '34', 'ไทยพาณิชย์', '707-272534-5', '080-1660965', '', '', 'ส่วนกิจการนักศึกษา'),
(67, '', '81dc9bdb52d04dc20036dbd8313ed055', 'น.ส.นิภาวัลย์', 'แหมไธสง', 'บุคลากร', '35', 'ไทยพาณิชย์', '707-235756-6', '098-7966396', '', '', 'ฟาร์ม มทส.'),
(68, '', '81dc9bdb52d04dc20036dbd8313ed055', 'น.ส.พิราภรณ์', 'วิเชียรโรจน์', 'บุคลากร', '36', 'กรุงไทย', '661-082981-0', '093-3946429', '', '', 'อ.ทันตแพทย์'),
(69, '', '81dc9bdb52d04dc20036dbd8313ed055', 'โรงพยาบาล มทส.', '', 'โรงพยาบาล', '1', 'กรุงไทย', '982-952168-0', '', '76-6520 ผกามาศ (โอ๋)', '', 'รพ. มทส.'),
(70, '', '81dc9bdb52d04dc20036dbd8313ed055', 'โรงแรม สุรสัมมนาคาร  มทส.', '', 'วิสาหกิจ', '1', 'ไทยพาณิชย์', '707-208800-2', '', '', '', 'สุรสัมมนาคาร'),
(71, '', '81dc9bdb52d04dc20036dbd8313ed055', 'โรงจัดการขยะแบบครบวงจร', '', 'โรงคัดแยกขยะ', '1', 'ไทยพาณิชย์', '707-244105-6', '098-2540644', 'จนท.เทคโนธานี', '', 'นางสาวธัญรัตน์ อุณารักษ์'),
(73, '', '81dc9bdb52d04dc20036dbd8313ed055', '7-eleven เทคโนธานี', '', 'ผู้ประกอบการ', '1', 'ไทยพาณิชย์', '707-214363-2', '', '', '', 'ผู้ประกอบการ'),
(74, '', '81dc9bdb52d04dc20036dbd8313ed055', '7-eleven กาสะลองคำ(ศาลาลอย)', '', 'ผู้ประกอบการ', '2', 'ไทยพาณิชย์', '707-214363-2', '', '', '', 'ผู้ประกอบการ'),
(75, '', '81dc9bdb52d04dc20036dbd8313ed055', 'นายธนัท  สุลักษณ์อนวัช', '', 'ผู้ประกอบการ', '3', 'ไทยพาณิชย์', '707-236028-4', '092-4425656', 'เฟรชมาร์ท ช-ญ', '', '(เจ) 094-4796536'),
(76, '', '81dc9bdb52d04dc20036dbd8313ed055', 'นางสมรัตน์ ธนารัตน์', '', 'ผู้ประกอบการ', '4', 'ไทยพาณิชย์', '707-227069-1', '081-8786459', '', '', 'ร้านขายน้ำ'),
(77, '', '81dc9bdb52d04dc20036dbd8313ed055', 'ร้านกาแฟ Faraday/B1', '', 'ผู้ประกอบการ', '5', 'ไทยพาณิชย์', '430-011367-0', '', '', '', 'ร้านกาแฟ'),
(78, '', '81dc9bdb52d04dc20036dbd8313ed055', 'กลุ่มอนามัย สวล. ปีที่ 3', '', 'นักศึกษา', '1', 'ไทยพาณิชย์', '707-284789-6', '084-9389195', 'สาขาอนามัยสิ่งแวดล้อม', '', 'จารุวรรณ จันทรมงคล/ ดวงพร ทัดกิ่ง'),
(79, '', '81dc9bdb52d04dc20036dbd8313ed055', 'นางสาวปริณดา', 'ลีประโคน', 'นักศึกษา', '2', 'กรุงไทย', '670-1735991', '', '', '', ''),
(80, '', '81dc9bdb52d04dc20036dbd8313ed055', 'นางสาวสุจารี', 'หุตะจูฑะ', 'นักศึกษา', '3', '', '', '', '', '', ''),
(81, '', '81dc9bdb52d04dc20036dbd8313ed055', 'นายยศกร', 'สืบญาติ', 'นักศึกษา', '4', 'กรุงไทย', '678-3613003', '', '', '', ''),
(82, '', '81dc9bdb52d04dc20036dbd8313ed055', 'นายพีรวิชญ์', 'เปรียบดีสุด', 'นักศึกษา', '5', '', '', '094-826-7497', '', '', ''),
(83, '', '81dc9bdb52d04dc20036dbd8313ed055', 'นายภิญโญ', 'เอี่ยมหุ่น', 'นักศึกษา', '6', '', '', '099-369-8752', '', '', ''),
(84, '', '81dc9bdb52d04dc20036dbd8313ed055', 'นายอรรถวุฒิ', 'ภูคำวงษ์', 'นักศึกษา', '7', 'ไทยพาณิชย์', '707-248749-2', '087-8658431', '', '', ''),
(85, '', '81dc9bdb52d04dc20036dbd8313ed055', 'นางสาวทัศนีย์', 'บัวจาน', 'นักศึกษา', '8', 'ไทยพาณิชย์', '964-219904-9', '084-6526779', '', '', ''),
(86, '', '81dc9bdb52d04dc20036dbd8313ed055', 'นายธนกรณ์ เพียรธัญญกรณ์', 'เพียรธัญญกรณ์', 'นักศึกษา', '9', 'กรุงไทย', '679-6587464', '063-238-7860', '', '', ''),
(87, '', '81dc9bdb52d04dc20036dbd8313ed055', 'น.ส.อรวรรณษา', 'รานอก', 'นักศึกษา', '10', 'กรุงไทย', '3020723035', '', '096-617-8737', '', ''),
(88, '', '81dc9bdb52d04dc20036dbd8313ed055', 'น.ส.สุจารี', 'หุตะจูทะ', 'นักศึกษา', '11', 'กรุงไทย', '6701741479', '', '092-251-8692', '', ''),
(89, '', '81dc9bdb52d04dc20036dbd8313ed055', 'น.ส.มณีรัตน์', 'ไชยสิทธิ์', 'นักศึกษา', '12', 'กรุงไทย', '6784110641', '', '061-0246971', '', ''),
(90, '', '81dc9bdb52d04dc20036dbd8313ed055', 'น.ส.จิรัชญา', 'อินจันทึก', 'นักศึกษา', '13', 'กรุงไทย', '9863399434', '', '093-4803810', '', ''),
(91, '', '81dc9bdb52d04dc20036dbd8313ed055', 'น.ส.วสิกา', 'ฉ่ำฉิมพลี', 'นักศึกษา', '14', 'กรุงไทย', '2850527920', '', '', '', ''),
(93, '', '81dc9bdb52d04dc20036dbd8313ed055', 'แม่บ้านลูกชิ้น ยุ่นสระน้อย', '', 'แม่บ้าน', '1', 'ไทยพาณิชย์', '707-271577-2', '', 'อาคารวิชาการ 1', '', ''),
(94, '', '81dc9bdb52d04dc20036dbd8313ed055', 'แม่บ้านฉลวย', 'ชินสำโรง', 'แม่บ้าน', '2', 'ไทยพาณิชย์', '707-248968-0', '085-4470588', 'อาคารวิชาการ 1', '', ''),
(95, '', '81dc9bdb52d04dc20036dbd8313ed055', 'แม่บ้านวศิตา', 'ขามสำโรง (มวน)', 'แม่บ้าน', '3', 'ไทยพาณิชย์', '665-2313805', '083-3857843', 'อาคารวิชาการ 1', '', 'สาขาบ/ช ปักธงชัย'),
(96, '', '81dc9bdb52d04dc20036dbd8313ed055', 'แม่บ้านวรารัตน์', 'ซอพิมาย(อั้ว)', 'แม่บ้าน', '4', 'ไทยพาณิชย์', '707-256684-8', '086-1649858', 'อาคารวิชาการ 1', '', ''),
(97, '', '81dc9bdb52d04dc20036dbd8313ed055', 'แม่บ้านดาว', 'ทิมกิ่ง', 'แม่บ้าน', '5', 'ไทยพาณิชย์', '665-240012-3', '082-8732817', 'อาคารวิชาการ 1', '', ''),
(98, '', '81dc9bdb52d04dc20036dbd8313ed055', 'แม่บ้านโสภี', 'สุขตะเคียน/สโตร์', 'แม่บ้าน', '6', 'ไทยพาณิชย์', '707-221117-6', '', 'สโตร์ สอส.', '', ''),
(99, '', '81dc9bdb52d04dc20036dbd8313ed055', 'แม่บ้านต๋อย', 'จุลกิ่ง/บริการ 11-12', 'แม่บ้าน', '7', 'ไทยพาณิชย์', '707-271721-1', '095-9815636', 'อาคารบริการ 11-12', '', ''),
(100, '', '81dc9bdb52d04dc20036dbd8313ed055', 'แม่บ้านต๊ะ', 'ยุนกระโทก (ต๊ะ)', 'แม่บ้าน', '8', 'ไทยพาณิชย์', '707-271581-1', '', 'อาคารบริหาร', '', ''),
(101, '', '81dc9bdb52d04dc20036dbd8313ed055', 'แม่บ้านพัฒ', 'แตนผักแว่น (ปิ่น)', 'แม่บ้าน', '9', 'ไทยพาณิชย์', '707-271582-9', '', 'อาคารบริหาร', '', ''),
(102, '', '81dc9bdb52d04dc20036dbd8313ed055', 'แม่บ้านประภัสสร', 'เล็กตะคุ (นุช)', 'แม่บ้าน', '10', 'ไทยพาณิชย์', '707-271670-2', '082-8747396', 'อาคารวิชาการ 2', '', ''),
(103, '', '81dc9bdb52d04dc20036dbd8313ed055', 'แม่บ้านน้อย', 'แทนเกษม', 'แม่บ้าน', '11', 'ไทยพาณิชย์', '707-2800103', '', 'อาคารวิชาการ 2', '', 'โอนเข้าบ/ช ต้อย แขดอน(ขุ่ม)'),
(104, '', '81dc9bdb52d04dc20036dbd8313ed055', 'แม่บ้านต้อย', 'แขดอน (ป้าขุ่ม)', 'แม่บ้าน', '12', 'ไทยพาณิชย์', '707-271576-4', '', 'อาคารวิชาการ 2', '', 'ต้อย แขดอน (ขุ่ม)'),
(105, '', '81dc9bdb52d04dc20036dbd8313ed055', 'แม่บ้านสายฝน', 'พันธ์สระน้อย', 'แม่บ้าน', '13', 'ไทยพาณิชย์', '707-2691350', '', '', '', ''),
(112, 'plankton', '804e8c739558fe88e21aea5746d7ba19', 'Plankton', 'plnt', 'Student', '', 'KTB', '1234567890', '011111111111', '0222222222', 'planktonplnt@gmail.com', '');

-- --------------------------------------------------------

--
-- Table structure for table `place`
--

CREATE TABLE `place` (
  `Place_ID` int(11) NOT NULL,
  `Member_ID` int(11) NOT NULL,
  `Place_By` varchar(45) NOT NULL,
  `Net_Price` float NOT NULL,
  `Status` varchar(45) NOT NULL,
  `Create_Date` varchar(45) NOT NULL,
  `Update_Date` varchar(45) NOT NULL,
  `Employee_ID` int(11) NOT NULL
) ENGINE=InnoDB DEFAULT CHARSET=utf8mb4;

--
-- Dumping data for table `place`
--

INSERT INTO `place` (`Place_ID`, `Member_ID`, `Place_By`, `Net_Price`, `Status`, `Create_Date`, `Update_Date`, `Employee_ID`) VALUES
(124, 3, 'นางเจียรพรรณ ศรีตะชัย', 123, 'Success', '1644936259', '1644936616', 22),
(125, 97, 'แม่บ้านดาว ทิมกิ่ง', 3690, 'inProgress', '1644945105', '', 22),
(126, 4, 'นางรวิสรา ธรรมกุล ', 48, 'inProgress', '1644948076', '', 22),
(127, 6, 'นางปิยะภัทร จันทะกล', 183, 'inProgress', '1644948117', '', 22),
(128, 7, 'นางสาวสุธิสา ผดุงสันต์', 49, 'inProgress', '1644948154', '', 22),
(129, 24, 'หน่วยสิ่งแวดล้อม ', 74, 'inProgress', '1644953668', '', 22),
(130, 26, 'สำนักงานคณบดีวิศวกรรมศาสตร์ ', 8, 'inProgress', '1644954418', '', 22),
(131, 25, 'F2 ศูนย์เครื่องมือฯ ', 24, 'inProgress', '1644954442', '', 22),
(132, 11, 'นายพงษ์ศักดิ์ ยะปะภา', 24, 'inProgress', '1644954488', '', 22),
(133, 34, 'นายสรณะ ศรีตะชัย', 210, 'inProgress', '1644954511', '', 22),
(134, 69, 'โรงพยาบาล มทส. ', 36, 'inProgress', '1644954542', '', 22),
(135, 71, 'โรงจัดการขยะแบบครบวงจร ', 45, 'inProgress', '1644954578', '', 22),
(136, 16, 'นางจารุวรรณ คงมั่น', 123, 'inProgress', '1644958115', '', 22),
(137, 16, 'นางจารุวรรณ คงมั่น', 123, 'inProgress', '1644958176', '', 22),
(138, 5, 'นางปาริชาติ ศิริธรปัญญา', 9, 'inProgress', '1644958261', '', 22),
(139, 5, 'นางปาริชาติ ศิริธรปัญญา', 9, 'inProgress', '1644958325', '', 22),
(140, 5, 'นางปาริชาติ ศิริธรปัญญา', 9, 'inProgress', '1644958413', '', 22),
(141, 5, 'นางปาริชาติ ศิริธรปัญญา', 9, 'inProgress', '1644958488', '', 22),
(142, 5, 'นางปาริชาติ ศิริธรปัญญา', 9, 'inProgress', '1644958544', '', 22),
(143, 3, 'นางเจียรพรรณ ศรีตะชัย', 4, 'inProgress', '1644958888', '', 22),
(144, 4, 'นางรวิสรา ธรรมกุล ', 2, 'inProgress', '1644959502', '', 22),
(145, 4, 'นางรวิสรา ธรรมกุล ', 2, 'inProgress', '1644959625', '', 22),
(146, 5, 'นางปาริชาติ ศิริธรปัญญา', 7.5, 'inProgress', '1644959819', '', 22),
(147, 5, 'นางปาริชาติ ศิริธรปัญญา', 18, 'inProgress', '1644961023', '', 22),
(148, 4, 'นางรวิสรา ธรรมกุล ', 1, 'inProgress', '1644961128', '', 22),
(149, 3, 'นางเจียรพรรณ ศรีตะชัย', 123, 'inProgress', '1644961258', '', 22),
(150, 3, 'นางเจียรพรรณ ศรีตะชัย', 1, 'inProgress', '1644961396', '', 22),
(151, 3, 'นางเจียรพรรณ ศรีตะชัย', 18, 'inProgress', '1644961453', '', 22),
(152, 4, 'นางรวิสรา ธรรมกุล ', 1, 'inProgress', '1644961524', '', 22),
(153, 3, 'นางเจียรพรรณ ศรีตะชัย', 18, 'inProgress', '1644961548', '', 22),
(154, 3, 'นางเจียรพรรณ ศรีตะชัย', 4, 'inProgress', '1644961620', '', 22),
(155, 5, 'นางปาริชาติ ศิริธรปัญญา', 123, 'inProgress', '1644961661', '', 22),
(156, 5, 'นางปาริชาติ ศิริธรปัญญา', 123, 'inProgress', '1644961823', '', 22),
(157, 4, 'นางรวิสรา ธรรมกุล ', 246, 'inProgress', '1644961909', '', 22),
(158, 3, 'นางเจียรพรรณ ศรีตะชัย', 246, 'inProgress', '1644962425', '', 22),
(159, 4, 'นางรวิสรา ธรรมกุล ', 44, 'inProgress', '1644962869', '', 22),
(160, 3, 'นางเจียรพรรณ ศรีตะชัย', 30, 'inProgress', '1644962966', '', 22),
(161, 6, 'นางปิยะภัทร จันทะกล', 18, 'inProgress', '1644963097', '', 22),
(162, 3, 'นางเจียรพรรณ ศรีตะชัย', 18, 'inProgress', '1644963343', '', 22),
(163, 6, 'นางปิยะภัทร จันทะกล', 2, 'inProgress', '1644963522', '', 22),
(164, 4, 'นางรวิสรา ธรรมกุล ', 251, 'inProgress', '1644963629', '', 22),
(165, 3, 'นางเจียรพรรณ ศรีตะชัย', 18, 'inProgress', '1644963699', '', 22),
(166, 4, 'นางรวิสรา ธรรมกุล ', 2, 'inProgress', '1644963790', '', 22),
(167, 3, 'นางเจียรพรรณ ศรีตะชัย', 4, 'inProgress', '1644963934', '', 22),
(168, 5, 'นางปาริชาติ ศิริธรปัญญา', 246, 'inProgress', '1644964220', '', 22),
(169, 3, 'นางเจียรพรรณ ศรีตะชัย', 9, 'inProgress', '1644964269', '', 22),
(170, 112, 'Plankton plnt', 63, 'inProgress', '1644964654', '', 22);

-- --------------------------------------------------------

--
-- Table structure for table `placedetail`
--

CREATE TABLE `placedetail` (
  `Place_Detail_ID` int(11) NOT NULL,
  `Member_ID` int(11) NOT NULL,
  `Place_ID` int(11) NOT NULL,
  `Type_ID` int(11) NOT NULL,
  `Type_Name` varchar(45) NOT NULL,
  `Product_ID` int(11) NOT NULL,
  `Product_Name` varchar(45) NOT NULL,
  `Price_per_Unit` float NOT NULL,
  `Unit_detail` varchar(45) NOT NULL,
  `Fee` float NOT NULL,
  `Unit` float NOT NULL,
  `Total_Price` float NOT NULL,
  `Bank_Price` float NOT NULL,
  `Member_Price` float NOT NULL,
  `Create_Date` varchar(45) NOT NULL,
  `Update_Date` varchar(45) NOT NULL
) ENGINE=InnoDB DEFAULT CHARSET=utf8mb4;

--
-- Dumping data for table `placedetail`
--

INSERT INTO `placedetail` (`Place_Detail_ID`, `Member_ID`, `Place_ID`, `Type_ID`, `Type_Name`, `Product_ID`, `Product_Name`, `Price_per_Unit`, `Unit_detail`, `Fee`, `Unit`, `Total_Price`, `Bank_Price`, `Member_Price`, `Create_Date`, `Update_Date`) VALUES
(382, 3, 124, 1, 'กระดาษ', 26, 'ทดสอบแล้วนะ', 123, 'piece', 14, 1, 123, 17.22, 105.78, '1644936259', ''),
(383, 97, 125, 1, 'กระดาษ', 26, 'ทดสอบแล้วนะ', 123, 'piece', 14, 30, 3690, 516.6, 3173.4, '1644945105', ''),
(384, 4, 126, 5, 'เครื่องใช้ไฟฟ้า', 22, 'จอคอมพิวเตอร์', 6, 'kg', 14, 8, 48, 6.72, 41.28, '1644948076', ''),
(385, 6, 127, 5, 'เครื่องใช้ไฟฟ้า', 20, 'เครื่องใช้ไฟฟ้า', 5.5, 'kg', 14, 2, 11, 1.54, 9.46, '1644948117', ''),
(386, 6, 127, 4, 'โลหะ', 13, 'กระป๋องอลูมิเนียม', 30, 'kg', 14, 4, 120, 16.8, 103.2, '1644948117', ''),
(387, 6, 127, 6, 'อื่นๆ', 16, 'กระสอบปุ๋ย', 1, 'kg', 14, 7, 7, 0.98, 6.02, '1644948117', ''),
(388, 6, 127, 6, 'อื่นๆ', 19, 'เบียร์ยกลัง', 9, 'kg', 14, 5, 45, 6.3, 38.7, '1644948117', ''),
(389, 7, 128, 3, 'พลาสติก', 7, 'ขวดพลาสติกใส(ไม่แกะสติกเกอร์/ไม่แยกฝา)', 7, 'kg', 14, 7, 49, 6.86, 42.14, '1644948154', ''),
(390, 24, 129, 5, 'เครื่องใช้ไฟฟ้า', 20, 'เครื่องใช้ไฟฟ้า', 5.5, 'kg', 14, 7, 38.5, 5.39, 33.11, '1644953668', ''),
(391, 24, 129, 4, 'โลหะ', 14, 'กระป๋องสังกะสี', 4, 'kg', 14, 7, 28, 3.92, 24.08, '1644953668', ''),
(392, 24, 129, 2, 'แก้ว', 9, 'ขวดแก้วสี', 1.25, 'kg', 14, 6, 7.5, 1.05, 6.45, '1644953668', ''),
(393, 26, 130, 1, 'กระดาษ', 24, 'กล่องเครื่องดื่ม', 1, 'kg', 14, 8, 8, 1.12, 6.88, '1644954418', ''),
(394, 25, 131, 5, 'เครื่องใช้ไฟฟ้า', 22, 'จอคอมพิวเตอร์', 6, 'kg', 14, 4, 24, 3.36, 20.64, '1644954442', ''),
(395, 11, 132, 1, 'กระดาษ', 4, 'กล่องกระดาษ', 4, 'kg', 14, 6, 24, 3.36, 20.64, '1644954488', ''),
(396, 34, 133, 4, 'โลหะ', 13, 'กระป๋องอลูมิเนียม', 30, 'kg', 14, 7, 210, 29.4, 180.6, '1644954511', ''),
(397, 69, 134, 1, 'กระดาษ', 5, 'กระดาษหนังสือพิมพ์', 9, 'kg', 14, 4, 36, 5.04, 30.96, '1644954542', ''),
(398, 71, 135, 6, 'อื่นๆ', 19, 'เบียร์ยกลัง', 9, 'kg', 14, 5, 45, 6.3, 38.7, '1644954578', ''),
(399, 16, 136, 1, 'กระดาษ', 26, 'ทดสอบแล้วนะ', 123, 'piece', 14, 1, 123, 17.22, 105.78, '1644958115', ''),
(400, 16, 137, 1, 'กระดาษ', 26, 'ทดสอบแล้วนะ', 123, 'piece', 14, 1, 123, 17.22, 105.78, '1644958176', ''),
(401, 5, 138, 1, 'กระดาษ', 5, 'กระดาษหนังสือพิมพ์', 9, 'kg', 14, 1, 9, 1.26, 7.74, '1644958261', ''),
(402, 5, 139, 1, 'กระดาษ', 5, 'กระดาษหนังสือพิมพ์', 9, 'kg', 14, 1, 9, 1.26, 7.74, '1644958325', ''),
(403, 5, 140, 1, 'กระดาษ', 5, 'กระดาษหนังสือพิมพ์', 9, 'kg', 14, 1, 9, 1.26, 7.74, '1644958413', ''),
(404, 5, 141, 1, 'กระดาษ', 5, 'กระดาษหนังสือพิมพ์', 9, 'kg', 14, 1, 9, 1.26, 7.74, '1644958488', ''),
(405, 5, 142, 1, 'กระดาษ', 5, 'กระดาษหนังสือพิมพ์', 9, 'kg', 14, 1, 9, 1.26, 7.74, '1644958544', ''),
(406, 3, 143, 1, 'กระดาษ', 4, 'กล่องกระดาษ', 4, 'kg', 14, 1, 4, 0.56, 3.44, '1644958888', ''),
(407, 4, 144, 6, 'อื่นๆ', 16, 'กระสอบปุ๋ย', 1, 'kg', 14, 2, 2, 0.28, 1.72, '1644959503', ''),
(408, 4, 145, 1, 'กระดาษ', 24, 'กล่องเครื่องดื่ม', 1, 'kg', 14, 2, 2, 0.28, 1.72, '1644959625', ''),
(409, 5, 146, 1, 'กระดาษ', 3, 'เศษกระดาษ', 2.5, 'kg', 14, 3, 7.5, 1.05, 6.45, '1644959819', ''),
(410, 5, 147, 1, 'กระดาษ', 5, 'กระดาษหนังสือพิมพ์', 9, 'kg', 14, 2, 18, 2.52, 15.48, '1644961023', ''),
(411, 4, 148, 1, 'กระดาษ', 24, 'กล่องเครื่องดื่ม', 1, 'kg', 14, 1, 1, 0.14, 0.86, '1644961128', ''),
(412, 3, 149, 1, 'กระดาษ', 26, 'ทดสอบแล้วนะ', 123, 'piece', 14, 1, 123, 17.22, 105.78, '1644961258', ''),
(413, 3, 150, 1, 'กระดาษ', 24, 'กล่องเครื่องดื่ม', 1, 'kg', 14, 1, 1, 0.14, 0.86, '1644961396', ''),
(414, 3, 151, 1, 'กระดาษ', 5, 'กระดาษหนังสือพิมพ์', 9, 'kg', 14, 2, 18, 2.52, 15.48, '1644961453', ''),
(415, 4, 152, 1, 'กระดาษ', 24, 'กล่องเครื่องดื่ม', 1, 'kg', 14, 1, 1, 0.14, 0.86, '1644961524', ''),
(416, 3, 153, 1, 'กระดาษ', 5, 'กระดาษหนังสือพิมพ์', 9, 'kg', 14, 2, 18, 2.52, 15.48, '1644961548', ''),
(417, 3, 154, 1, 'กระดาษ', 4, 'กล่องกระดาษ', 4, 'kg', 14, 1, 4, 0.56, 3.44, '1644961620', ''),
(418, 5, 155, 1, 'กระดาษ', 26, 'ทดสอบแล้วนะ', 123, 'piece', 14, 1, 123, 17.22, 105.78, '1644961661', ''),
(419, 5, 156, 1, 'กระดาษ', 26, 'ทดสอบแล้วนะ', 123, 'piece', 14, 1, 123, 17.22, 105.78, '1644961823', ''),
(420, 4, 157, 1, 'กระดาษ', 26, 'ทดสอบแล้วนะ', 123, 'piece', 14, 2, 246, 34.44, 211.56, '1644961909', ''),
(421, 3, 158, 1, 'กระดาษ', 26, 'ทดสอบแล้วนะ', 123, 'piece', 14, 2, 246, 34.44, 211.56, '1644962425', ''),
(422, 4, 159, 5, 'เครื่องใช้ไฟฟ้า', 22, 'จอคอมพิวเตอร์', 6, 'kg', 14, 3, 18, 2.52, 15.48, '1644962869', ''),
(423, 4, 159, 1, 'กระดาษ', 24, 'กล่องเครื่องดื่ม', 1, 'kg', 14, 5, 5, 0.7, 4.3, '1644962869', ''),
(424, 4, 159, 4, 'โลหะ', 21, 'เหล็ก', 7, 'kg', 14, 3, 21, 2.94, 18.06, '1644962869', ''),
(425, 3, 160, 1, 'กระดาษ', 24, 'กล่องเครื่องดื่ม', 1, 'kg', 14, 3, 3, 0.42, 2.58, '1644962966', ''),
(426, 3, 160, 1, 'กระดาษ', 5, 'กระดาษหนังสือพิมพ์', 9, 'kg', 14, 3, 27, 3.78, 23.22, '1644962966', ''),
(427, 6, 161, 1, 'กระดาษ', 5, 'กระดาษหนังสือพิมพ์', 9, 'kg', 14, 2, 18, 2.52, 15.48, '1644963097', ''),
(428, 3, 162, 1, 'กระดาษ', 5, 'กระดาษหนังสือพิมพ์', 9, 'kg', 14, 2, 18, 2.52, 15.48, '1644963343', ''),
(429, 6, 163, 1, 'กระดาษ', 24, 'กล่องเครื่องดื่ม', 1, 'kg', 14, 2, 2, 0.28, 1.72, '1644963522', ''),
(430, 4, 164, 1, 'กระดาษ', 26, 'ทดสอบแล้วนะ', 123, 'piece', 14, 2, 246, 34.44, 211.56, '1644963629', ''),
(431, 4, 164, 1, 'กระดาษ', 3, 'เศษกระดาษ', 2.5, 'kg', 14, 2, 5, 0.7, 4.3, '1644963629', ''),
(432, 3, 165, 1, 'กระดาษ', 5, 'กระดาษหนังสือพิมพ์', 9, 'kg', 14, 2, 18, 2.52, 15.48, '1644963699', ''),
(433, 4, 166, 1, 'กระดาษ', 24, 'กล่องเครื่องดื่ม', 1, 'kg', 14, 2, 2, 0.28, 1.72, '1644963790', ''),
(434, 3, 167, 1, 'กระดาษ', 24, 'กล่องเครื่องดื่ม', 1, 'kg', 14, 4, 4, 0.56, 3.44, '1644963934', ''),
(435, 5, 168, 1, 'กระดาษ', 26, 'ทดสอบแล้วนะ', 123, 'piece', 14, 2, 246, 34.44, 211.56, '1644964220', ''),
(436, 3, 169, 1, 'กระดาษ', 24, 'กล่องเครื่องดื่ม', 1, 'kg', 14, 9, 9, 1.26, 7.74, '1644964269', ''),
(437, 112, 170, 1, 'กระดาษ', 5, 'กระดาษหนังสือพิมพ์', 9, 'kg', 14, 7, 63, 8.82, 54.18, '1644964654', '');

-- --------------------------------------------------------

--
-- Table structure for table `product`
--

CREATE TABLE `product` (
  `Product_ID` int(11) NOT NULL,
  `Type_ID` int(11) NOT NULL,
  `Name` varchar(45) NOT NULL,
  `Detail` varchar(45) NOT NULL,
  `Price_per_unit` float NOT NULL,
  `Unit_Detail` varchar(45) NOT NULL,
  `Fee_ID` int(11) NOT NULL,
  `Update_Date` varchar(45) NOT NULL,
  `Update_By` int(11) NOT NULL,
  `Create_Date` varchar(45) NOT NULL,
  `Create_By` int(11) NOT NULL
) ENGINE=InnoDB DEFAULT CHARSET=utf8mb4;

--
-- Dumping data for table `product`
--

INSERT INTO `product` (`Product_ID`, `Type_ID`, `Name`, `Detail`, `Price_per_unit`, `Unit_Detail`, `Fee_ID`, `Update_Date`, `Update_By`, `Create_Date`, `Create_By`) VALUES
(1, 1, 'กระดาษขาว-ดำ', 'กระดาษขาวที่ใช้แล้ว', 6.5, 'kg', 15, '', 0, '1643274601', 0),
(2, 1, 'หนังสือเก่า', 'หนังสือเรียน นิตยสาร', 3.5, 'kg', 15, '', 0, '1643274620', 0),
(3, 1, 'เศษกระดาษ', 'เศษกระดาษ', 2.5, 'kg', 15, '', 0, '1643274639', 0),
(4, 1, 'กล่องกระดาษ', 'กล่องกระดาษ  ลังกระดาษ', 4, 'kg', 15, '', 0, '1643274652', 0),
(5, 1, 'กระดาษหนังสือพิมพ์', 'กระดาษหนังสือพิมพ์', 9, 'kg', 15, '', 0, '1643274673', 0),
(6, 3, 'ขวดพลาสติกใส(แกะสติกเกอร์/แยกฝา)', 'ขวดน้ำพลาสติกใส เช่น ขวดน้ำมทส.', 8, 'kg', 15, '', 0, '1643274697', 0),
(7, 3, 'ขวดพลาสติกใส(ไม่แกะสติกเกอร์/ไม่แยกฝา)', 'ขวดน้ำพลาสติกใส เช่น ขวดน้ำมทส.', 7, 'kg', 15, '', 0, '1643274711', 0),
(8, 3, 'ขวดพลาสติกขุ่น', 'ขวดน้ำสีขาวขุ่น', 13, 'kg', 15, '', 0, '1643274722', 0),
(9, 2, 'ขวดแก้วสี', 'ขวดแก้วสีต่างๆ', 1.25, 'kg', 15, '', 0, '1643274738', 0),
(10, 2, 'ขวดแก้วใส', 'ขวดแก้วใส', 1, 'kg', 15, '', 0, '1643274748', 0),
(11, 3, 'พลาสติกรวม(ใหญ่)', 'แกลลอนพลาสติกใส่น้ำยาต่างๆ', 7, 'kg', 15, '', 0, '1643274766', 0),
(12, 3, 'พลาสติกรวม(เล็ก)', 'ถ้วยมาม่า ถ้วยพลาสติก ขวดนม กล่องข้าวเซเว่น', 5, 'kg', 15, '', 0, '1643274779', 0),
(13, 4, 'กระป๋องอลูมิเนียม', 'กระป๋องน้ำอัดลม กระป๋องเบียร์', 30, 'kg', 15, '', 0, '1643274807', 0),
(14, 4, 'กระป๋องสังกะสี', 'กระป๋องกาแฟ กระป๋องนมข้น สังกะสี', 4, 'kg', 15, '', 0, '1643274844', 0),
(15, 6, 'แผ่นซีดี', 'แผ่นซีดี', 8, 'kg', 15, '', 0, '1643274858', 0),
(16, 6, 'กระสอบปุ๋ย', 'ถุงกระสอบปุ๋ย', 1, 'kg', 15, '', 0, '1643274874', 0),
(17, 3, 'ถุงขยะ', 'ถุงขยะสีต่างๆ', 1.8, 'kg', 15, '', 0, '1643274921', 0),
(18, 3, 'พลาสติกกรอบ', 'กล่องแผ่นซีดี  หมวกกันน็อค ชิ้นส่วนของเล่น', 1, 'kg', 15, '', 0, '1643274934', 0),
(19, 6, 'เบียร์ยกลัง', 'ลังเบียร์พร้อมขวด', 9, 'kg', 15, '', 0, '1643274949', 0),
(20, 5, 'เครื่องใช้ไฟฟ้า', 'เครื่องใช้ไฟฟ้า', 5.5, 'kg', 15, '', 0, '1643274974', 0),
(21, 4, 'เหล็ก', 'เศษเหล็ก', 7, 'kg', 15, '', 0, '1643274999', 0),
(22, 5, 'จอคอมพิวเตอร์', 'จอคอมพิวเตอร์', 6, 'kg', 15, '', 0, '1643275115', 0),
(23, 6, 'แบตเตอรี่เก่า', 'แบตเตอรี่รถยนต์เก่า', 18, 'kg', 15, '', 0, '1643275130', 0),
(24, 1, 'กล่องเครื่องดื่ม', 'แกะกล่องและทำความสะอาด', 1, 'kg', 15, '', 0, '1643275144', 0),
(25, 3, 'ขวดน้ำเกลือ', '', 8, 'kg', 15, '', 0, '1643275161', 0),
(26, 1, 'ทดสอบแล้วนะ', 'developer', 123, 'piece', 0, '1644571364', 0, '1644522041', 0);

--
-- Triggers `product`
--
DELIMITER $$
CREATE TRIGGER `update_product` AFTER UPDATE ON `product` FOR EACH ROW BEGIN
    IF OLD.Update_Date != new.Update_Date THEN
        INSERT INTO product_log(Product_ID,Type_ID,Name,Detail,Price_per_unit,Unit_Detail,Fee_ID,Update_Date,Update_By,Create_Date,Create_By)
        VALUES(old.Product_ID,old.Type_ID,old.Name,old.Detail,old.Price_per_unit,old.Unit_Detail,old.Fee_ID,old.Update_Date,old.Update_By,old.Create_Date,old.Create_By);
    END IF;
END
$$
DELIMITER ;

-- --------------------------------------------------------

--
-- Table structure for table `product_log`
--

CREATE TABLE `product_log` (
  `ID` int(11) NOT NULL,
  `Product_ID` int(11) NOT NULL,
  `Type_ID` int(11) NOT NULL,
  `Name` varchar(45) NOT NULL,
  `Detail` varchar(45) NOT NULL,
  `Price_per_unit` float NOT NULL,
  `Unit_Detail` varchar(45) NOT NULL,
  `Fee_ID` int(11) NOT NULL,
  `Update_Date` varchar(45) NOT NULL,
  `Update_By` int(11) NOT NULL,
  `Create_Date` varchar(45) NOT NULL,
  `Create_By` int(11) NOT NULL
) ENGINE=InnoDB DEFAULT CHARSET=utf8mb4;

--
-- Dumping data for table `product_log`
--

INSERT INTO `product_log` (`ID`, `Product_ID`, `Type_ID`, `Name`, `Detail`, `Price_per_unit`, `Unit_Detail`, `Fee_ID`, `Update_Date`, `Update_By`, `Create_Date`, `Create_By`) VALUES
(1, 26, 1, 'testAddProduct', 'testing', 15, 'kg', 15, '', 0, '1644522041', 0),
(2, 26, 3, 'ทดสอบ', 'develop', 555, 'piece', 1, '1644522210', 0, '1644522041', 0),
(3, 26, 0, 'ทดสอบ', 'develop', 111, 'piece', 1, '1644524803', 0, '1644522041', 0),
(4, 26, 1, 'ทดสอบ', 'develop', 555, 'piece', 1, '1644566493', 0, '1644522041', 0),
(5, 26, 1, 'ทดสอบ', 'developer', 555, 'piece', 0, '1644567382', 0, '1644522041', 0),
(6, 26, 2, 'ทดสอบแล้วนะ', 'developer', 555, 'piece', 0, '1644567536', 0, '1644522041', 0),
(7, 26, 1, 'ทดสอบแล้วนะ', 'developer', 555, 'piece', 0, '1644567665', 0, '1644522041', 0),
(8, 26, 0, 'ทดสอบแล้วนะ', 'developer', 1000, 'piece', 0, '1644570120', 0, '1644522041', 0),
(9, 26, 1, 'ทดสอบแล้วนะ', 'developer', 1000, 'piece', 0, '1644570339', 0, '1644522041', 0),
(10, 26, 0, 'ทดสอบแล้วนะ', 'developer', 333, 'piece', 0, '1644570377', 0, '1644522041', 0),
(11, 26, 1, 'ทดสอบแล้วนะ', 'developer', 333, 'piece', 0, '1644570973', 0, '1644522041', 0);

-- --------------------------------------------------------

--
-- Table structure for table `transactions`
--

CREATE TABLE `transactions` (
  `ID` int(11) NOT NULL,
  `Place_ID` int(11) NOT NULL,
  `Place_Members_ID` varchar(50) COLLATE utf8_unicode_ci NOT NULL,
  `Place_Employee_ID` int(11) NOT NULL,
  `Type` varchar(50) COLLATE utf8_unicode_ci NOT NULL,
  `Amount` float NOT NULL,
  `Detail` varchar(100) COLLATE utf8_unicode_ci NOT NULL,
  `Create_Date` varchar(50) COLLATE utf8_unicode_ci NOT NULL
) ENGINE=InnoDB DEFAULT CHARSET=utf8 COLLATE=utf8_unicode_ci;

--
-- Dumping data for table `transactions`
--

INSERT INTO `transactions` (`ID`, `Place_ID`, `Place_Members_ID`, `Place_Employee_ID`, `Type`, `Amount`, `Detail`, `Create_Date`) VALUES
(86, 124, '3', 22, 'deposit', 105.78, '', '1644936259'),
(87, 124, '1', 22, 'sum', 123, '', '1644936259'),
(88, 0, '3', 22, 'withdraw', 105.78, '', '1644936616'),
(89, 125, '97', 22, 'deposit', 3173.4, '', '1644945105'),
(90, 125, '1', 22, 'sum', 3690, '', '1644945105'),
(91, 126, '4', 22, 'deposit', 41.28, '', '1644948076'),
(92, 126, '1', 22, 'sum', 48, '', '1644948076'),
(93, 127, '6', 22, 'deposit', 157.38, '', '1644948117'),
(94, 127, '1', 22, 'sum', 183, '', '1644948117'),
(95, 128, '7', 22, 'deposit', 42.14, '', '1644948154'),
(96, 128, '1', 22, 'sum', 49, '', '1644948154'),
(97, 129, '24', 22, 'deposit', 63.64, '', '1644953668'),
(98, 129, '1', 22, 'sum', 74, '', '1644953668'),
(99, 130, '26', 22, 'deposit', 6.88, '', '1644954418'),
(100, 130, '1', 22, 'sum', 8, '', '1644954418'),
(101, 131, '25', 22, 'deposit', 20.64, '', '1644954442'),
(102, 131, '1', 22, 'sum', 24, '', '1644954442'),
(103, 132, '11', 22, 'deposit', 20.64, '', '1644954488'),
(104, 132, '1', 22, 'sum', 24, '', '1644954488'),
(105, 133, '34', 22, 'deposit', 180.6, '', '1644954511'),
(106, 133, '1', 22, 'sum', 210, '', '1644954511'),
(107, 134, '69', 22, 'deposit', 30.96, '', '1644954542'),
(108, 134, '1', 22, 'sum', 36, '', '1644954542'),
(109, 135, '71', 22, 'deposit', 38.7, '', '1644954578'),
(110, 135, '1', 22, 'sum', 45, '', '1644954578'),
(111, 136, '16', 22, 'deposit', 105.78, '', '1644958115'),
(112, 136, '1', 22, 'sum', 123, '', '1644958115'),
(113, 137, '16', 22, 'deposit', 105.78, '', '1644958176'),
(114, 137, '1', 22, 'sum', 123, '', '1644958176'),
(115, 138, '5', 22, 'deposit', 7.74, '', '1644958261'),
(116, 138, '1', 22, 'sum', 9, '', '1644958261'),
(117, 139, '5', 22, 'deposit', 7.74, '', '1644958325'),
(118, 139, '1', 22, 'sum', 9, '', '1644958325'),
(119, 140, '5', 22, 'deposit', 7.74, '', '1644958413'),
(120, 140, '1', 22, 'sum', 9, '', '1644958413'),
(121, 141, '5', 22, 'deposit', 7.74, '', '1644958488'),
(122, 141, '1', 22, 'sum', 9, '', '1644958488'),
(123, 142, '5', 22, 'deposit', 7.74, '', '1644958544'),
(124, 142, '1', 22, 'sum', 9, '', '1644958544'),
(125, 143, '3', 22, 'deposit', 3.44, '', '1644958888'),
(126, 143, '1', 22, 'sum', 4, '', '1644958888'),
(127, 144, '4', 22, 'deposit', 1.72, '', '1644959503'),
(128, 144, '1', 22, 'sum', 2, '', '1644959503'),
(129, 145, '4', 22, 'deposit', 1.72, '', '1644959625'),
(130, 145, '1', 22, 'sum', 2, '', '1644959625'),
(131, 146, '5', 22, 'deposit', 6.45, '', '1644959819'),
(132, 146, '1', 22, 'sum', 7.5, '', '1644959819'),
(133, 147, '5', 22, 'deposit', 15.48, '', '1644961023'),
(134, 147, '1', 22, 'sum', 18, '', '1644961023'),
(135, 148, '4', 22, 'deposit', 0.86, '', '1644961128'),
(136, 148, '1', 22, 'sum', 1, '', '1644961128'),
(137, 149, '3', 22, 'deposit', 105.78, '', '1644961258'),
(138, 149, '1', 22, 'sum', 123, '', '1644961258'),
(139, 150, '3', 22, 'deposit', 0.86, '', '1644961396'),
(140, 150, '1', 22, 'sum', 1, '', '1644961396'),
(141, 151, '3', 22, 'deposit', 15.48, '', '1644961453'),
(142, 151, '1', 22, 'sum', 18, '', '1644961453'),
(143, 152, '4', 22, 'deposit', 0.86, '', '1644961524'),
(144, 152, '1', 22, 'sum', 1, '', '1644961524'),
(145, 153, '3', 22, 'deposit', 15.48, '', '1644961548'),
(146, 153, '1', 22, 'sum', 18, '', '1644961548'),
(147, 154, '3', 22, 'deposit', 3.44, '', '1644961620'),
(148, 154, '1', 22, 'sum', 4, '', '1644961620'),
(149, 155, '5', 22, 'deposit', 105.78, '', '1644961661'),
(150, 155, '1', 22, 'sum', 123, '', '1644961661'),
(151, 156, '5', 22, 'deposit', 105.78, '', '1644961823'),
(152, 156, '1', 22, 'sum', 123, '', '1644961823'),
(153, 157, '4', 22, 'deposit', 211.56, '', '1644961909'),
(154, 157, '1', 22, 'sum', 246, '', '1644961909'),
(155, 158, '3', 22, 'deposit', 211.56, '', '1644962425'),
(156, 158, '1', 22, 'sum', 246, '', '1644962425'),
(157, 159, '4', 22, 'deposit', 37.84, '', '1644962869'),
(158, 159, '1', 22, 'sum', 44, '', '1644962869'),
(159, 160, '3', 22, 'deposit', 25.8, '', '1644962966'),
(160, 160, '1', 22, 'sum', 30, '', '1644962966'),
(161, 161, '6', 22, 'deposit', 15.48, '', '1644963097'),
(162, 161, '1', 22, 'sum', 18, '', '1644963097'),
(163, 162, '3', 22, 'deposit', 15.48, '', '1644963343'),
(164, 162, '1', 22, 'sum', 18, '', '1644963343'),
(165, 163, '6', 22, 'deposit', 1.72, '', '1644963522'),
(166, 163, '1', 22, 'sum', 2, '', '1644963522'),
(167, 164, '4', 22, 'deposit', 215.86, '', '1644963629'),
(168, 164, '1', 22, 'sum', 251, '', '1644963629'),
(169, 165, '3', 22, 'deposit', 15.48, '', '1644963699'),
(170, 165, '1', 22, 'sum', 18, '', '1644963699'),
(171, 166, '4', 22, 'deposit', 1.72, '', '1644963790'),
(172, 166, '1', 22, 'sum', 2, '', '1644963790'),
(173, 167, '3', 22, 'deposit', 3.44, '', '1644963934'),
(174, 167, '1', 22, 'sum', 4, '', '1644963934'),
(175, 168, '5', 22, 'deposit', 211.56, '', '1644964220'),
(176, 168, '1', 22, 'sum', 246, '', '1644964220'),
(177, 169, '3', 22, 'deposit', 7.74, '', '1644964269'),
(178, 169, '1', 22, 'sum', 9, '', '1644964269'),
(179, 170, '112', 22, 'deposit', 54.18, '', '1644964654'),
(180, 170, '1', 22, 'sum', 63, '', '1644964654');

-- --------------------------------------------------------

--
-- Table structure for table `type`
--

CREATE TABLE `type` (
  `Type_ID` int(11) NOT NULL,
  `Name` varchar(45) NOT NULL,
  `Update_Date` varchar(45) NOT NULL,
  `Create_Date` varchar(45) NOT NULL,
  `Update_By` int(11) NOT NULL,
  `Create_By` int(11) NOT NULL
) ENGINE=InnoDB DEFAULT CHARSET=utf8mb4;

--
-- Dumping data for table `type`
--

INSERT INTO `type` (`Type_ID`, `Name`, `Update_Date`, `Create_Date`, `Update_By`, `Create_By`) VALUES
(1, 'กระดาษ', '', '1643273480', 0, 0),
(2, 'แก้ว', '', '1643273509', 0, 0),
(3, 'พลาสติก', '', '1643273527', 0, 0),
(4, 'โลหะ', '', '1643273546', 0, 0),
(5, 'เครื่องใช้ไฟฟ้า', '', '1643273558', 0, 0),
(6, 'อื่นๆ', '', '1643273697', 0, 0);

--
-- Triggers `type`
--
DELIMITER $$
CREATE TRIGGER `update_type` AFTER UPDATE ON `type` FOR EACH ROW BEGIN
    IF OLD.Update_Date != new.Update_Date THEN
        INSERT INTO type_log(Type_ID,Name,Update_Date,Update_By,Create_Date,Create_By)
        VALUES(old.Type_ID,old.Name,old.Update_Date,old.Update_By,old.Create_Date,old.Create_By);
    END IF;
END
$$
DELIMITER ;

-- --------------------------------------------------------

--
-- Table structure for table `type_log`
--

CREATE TABLE `type_log` (
  `ID` int(11) NOT NULL,
  `Type_ID` int(11) NOT NULL,
  `Name` varchar(45) NOT NULL,
  `Update_Date` varchar(45) NOT NULL,
  `Create_Date` varchar(45) NOT NULL,
  `Update_By` int(11) NOT NULL,
  `Create_By` int(11) NOT NULL
) ENGINE=InnoDB DEFAULT CHARSET=utf8mb4;

-- --------------------------------------------------------

--
-- Table structure for table `wallets`
--

CREATE TABLE `wallets` (
  `ID` int(11) NOT NULL,
  `Member_ID` int(11) NOT NULL,
  `Balance` float NOT NULL,
  `Transactions_ID` int(11) NOT NULL,
  `Transactions_Place_ID` int(11) NOT NULL
) ENGINE=InnoDB DEFAULT CHARSET=utf8 COLLATE=utf8_unicode_ci;

--
-- Dumping data for table `wallets`
--

INSERT INTO `wallets` (`ID`, `Member_ID`, `Balance`, `Transactions_ID`, `Transactions_Place_ID`) VALUES
(0, 1, 6447.5, 180, 0),
(54, 3, 423.98, 177, 0),
(55, 4, 513.42, 171, 0),
(56, 5, 483.75, 175, 0),
(57, 6, 174.58, 165, 0),
(58, 7, 42.14, 95, 0),
(59, 8, 0, 0, 0),
(60, 9, 0, 0, 0),
(61, 10, 0, 0, 0),
(62, 11, 20.64, 103, 0),
(63, 12, 0, 0, 0),
(64, 13, 0, 0, 0),
(65, 14, 0, 0, 0),
(66, 15, 0, 0, 0),
(67, 16, 211.56, 113, 0),
(68, 17, 0, 0, 0),
(69, 18, 0, 0, 0),
(70, 19, 0, 0, 0),
(71, 20, 0, 0, 0),
(72, 21, 0, 0, 0),
(73, 22, 0, 0, 0),
(74, 23, 0, 0, 0),
(75, 24, 63.64, 97, 0),
(76, 25, 20.64, 101, 0),
(77, 26, 6.88, 99, 0),
(78, 32, 0, 0, 0),
(79, 33, 0, 0, 0),
(80, 34, 180.6, 105, 0),
(81, 35, 0, 0, 0),
(82, 36, 0, 0, 0),
(83, 37, 0, 0, 0),
(84, 38, 0, 0, 0),
(85, 39, 0, 0, 0),
(86, 40, 0, 0, 0),
(87, 41, 0, 0, 0),
(88, 42, 0, 0, 0),
(89, 43, 0, 0, 0),
(90, 44, 0, 0, 0),
(91, 45, 0, 0, 0),
(92, 46, 0, 0, 0),
(93, 47, 0, 0, 0),
(94, 48, 0, 0, 0),
(95, 49, 0, 0, 0),
(96, 50, 0, 0, 0),
(97, 51, 0, 0, 0),
(98, 52, 0, 0, 0),
(99, 53, 0, 0, 0),
(100, 54, 0, 0, 0),
(101, 55, 0, 0, 0),
(102, 56, 0, 0, 0),
(103, 57, 0, 0, 0),
(104, 58, 0, 0, 0),
(105, 59, 0, 0, 0),
(106, 60, 0, 0, 0),
(107, 61, 0, 0, 0),
(108, 62, 0, 0, 0),
(109, 63, 0, 0, 0),
(110, 64, 0, 0, 0),
(111, 65, 0, 0, 0),
(112, 66, 0, 0, 0),
(113, 67, 0, 0, 0),
(114, 68, 0, 0, 0),
(115, 69, 30.96, 107, 0),
(116, 70, 0, 0, 0),
(117, 71, 38.7, 109, 0),
(119, 73, 0, 0, 0),
(120, 74, 0, 0, 0),
(121, 75, 0, 0, 0),
(122, 76, 0, 0, 0),
(123, 77, 0, 0, 0),
(124, 78, 0, 0, 0),
(125, 79, 0, 0, 0),
(126, 80, 0, 0, 0),
(127, 81, 0, 0, 0),
(128, 82, 0, 0, 0),
(129, 83, 0, 0, 0),
(130, 84, 0, 0, 0),
(131, 85, 0, 0, 0),
(132, 86, 0, 0, 0),
(133, 87, 0, 0, 0),
(134, 88, 0, 0, 0),
(135, 89, 0, 0, 0),
(136, 90, 0, 0, 0),
(137, 91, 0, 0, 0),
(139, 93, 0, 0, 0),
(140, 94, 0, 0, 0),
(141, 95, 0, 0, 0),
(142, 96, 0, 0, 0),
(143, 97, 3173.4, 89, 0),
(144, 98, 0, 0, 0),
(145, 99, 0, 0, 0),
(146, 100, 0, 0, 0),
(147, 101, 0, 0, 0),
(148, 102, 0, 0, 0),
(149, 103, 0, 0, 0),
(150, 104, 0, 0, 0),
(151, 105, 0, 0, 0),
(152, 112, 54.18, 179, 0);

--
-- Indexes for dumped tables
--

--
-- Indexes for table `books`
--
ALTER TABLE `books`
  ADD PRIMARY KEY (`id`);

--
-- Indexes for table `employee`
--
ALTER TABLE `employee`
  ADD PRIMARY KEY (`ID`);

--
-- Indexes for table `fee`
--
ALTER TABLE `fee`
  ADD PRIMARY KEY (`ID`);

--
-- Indexes for table `members`
--
ALTER TABLE `members`
  ADD PRIMARY KEY (`ID`);

--
-- Indexes for table `place`
--
ALTER TABLE `place`
  ADD PRIMARY KEY (`Place_ID`);

--
-- Indexes for table `placedetail`
--
ALTER TABLE `placedetail`
  ADD PRIMARY KEY (`Place_Detail_ID`);

--
-- Indexes for table `product`
--
ALTER TABLE `product`
  ADD PRIMARY KEY (`Product_ID`);

--
-- Indexes for table `product_log`
--
ALTER TABLE `product_log`
  ADD PRIMARY KEY (`ID`);

--
-- Indexes for table `transactions`
--
ALTER TABLE `transactions`
  ADD PRIMARY KEY (`ID`);

--
-- Indexes for table `type`
--
ALTER TABLE `type`
  ADD PRIMARY KEY (`Type_ID`);

--
-- Indexes for table `type_log`
--
ALTER TABLE `type_log`
  ADD PRIMARY KEY (`ID`);

--
-- Indexes for table `wallets`
--
ALTER TABLE `wallets`
  ADD PRIMARY KEY (`ID`);

--
-- AUTO_INCREMENT for dumped tables
--

--
-- AUTO_INCREMENT for table `books`
--
ALTER TABLE `books`
  MODIFY `id` int(11) NOT NULL AUTO_INCREMENT, AUTO_INCREMENT=25;

--
-- AUTO_INCREMENT for table `employee`
--
ALTER TABLE `employee`
  MODIFY `ID` int(11) NOT NULL AUTO_INCREMENT, AUTO_INCREMENT=23;

--
-- AUTO_INCREMENT for table `fee`
--
ALTER TABLE `fee`
  MODIFY `ID` int(11) NOT NULL AUTO_INCREMENT, AUTO_INCREMENT=3;

--
-- AUTO_INCREMENT for table `members`
--
ALTER TABLE `members`
  MODIFY `ID` int(11) NOT NULL AUTO_INCREMENT, AUTO_INCREMENT=117;

--
-- AUTO_INCREMENT for table `place`
--
ALTER TABLE `place`
  MODIFY `Place_ID` int(11) NOT NULL AUTO_INCREMENT, AUTO_INCREMENT=171;

--
-- AUTO_INCREMENT for table `placedetail`
--
ALTER TABLE `placedetail`
  MODIFY `Place_Detail_ID` int(11) NOT NULL AUTO_INCREMENT, AUTO_INCREMENT=438;

--
-- AUTO_INCREMENT for table `product`
--
ALTER TABLE `product`
  MODIFY `Product_ID` int(11) NOT NULL AUTO_INCREMENT, AUTO_INCREMENT=27;

--
-- AUTO_INCREMENT for table `product_log`
--
ALTER TABLE `product_log`
  MODIFY `ID` int(11) NOT NULL AUTO_INCREMENT, AUTO_INCREMENT=12;

--
-- AUTO_INCREMENT for table `transactions`
--
ALTER TABLE `transactions`
  MODIFY `ID` int(11) NOT NULL AUTO_INCREMENT, AUTO_INCREMENT=181;

--
-- AUTO_INCREMENT for table `type`
--
ALTER TABLE `type`
  MODIFY `Type_ID` int(11) NOT NULL AUTO_INCREMENT, AUTO_INCREMENT=7;

--
-- AUTO_INCREMENT for table `type_log`
--
ALTER TABLE `type_log`
  MODIFY `ID` int(11) NOT NULL AUTO_INCREMENT;

--
-- AUTO_INCREMENT for table `wallets`
--
ALTER TABLE `wallets`
  MODIFY `ID` int(11) NOT NULL AUTO_INCREMENT, AUTO_INCREMENT=153;
COMMIT;

/*!40101 SET CHARACTER_SET_CLIENT=@OLD_CHARACTER_SET_CLIENT */;
/*!40101 SET CHARACTER_SET_RESULTS=@OLD_CHARACTER_SET_RESULTS */;
/*!40101 SET COLLATION_CONNECTION=@OLD_COLLATION_CONNECTION */;
